,ID #,Species,Bird Height,Foraging Location,Combined Location,Foraging Behavior,Substrate type,Canopy height,% Height in Canopy
60,39,BBTO,4,B,B,S,T,12,0.33
389,179,BWVI,6,B,B,G,T,8,0.75
390,179,BWVI,6,B,B,G,T,8,0.75
391,179,BWVI,6,B,B,G,T,8,0.75
22,18,YRWA,1.5,D,D,G,,,
488,212,OVEN,1,D,D,G,D,12,0.08
500,219,OVEN,1,D,D,G,D,15,0.07
501,219,OVEN,1,D,D,G,D,15,0.07
502,219,OVEN,1,D,D,G,D,15,0.07
643,277,OVEN,1,D,D,G,D,8,0.13
644,277,OVEN,2,D,D,G,D,8,0.25
646,278,OVEN,1,D,D,G,D,8,0.13
647,278,OVEN,1,D,D,G,D,8,0.13
648,278,OVEN,1,D,D,G,D,8,0.13
649,278,OVEN,1,D,D,S,D,8,0.13
28,23,NOPA,4,F,F,F,T,,
30,25,NOPA,11,F,F,H,,,
50,36,NOPA,7,F,F,S,T,12,0.58
58,39,BBTO,2,F,F,F,B,12,0.17
64,40,NOPA,4,F,F,S,T,14,0.29
68,42,YRWA,8,F,F,F,T,12,0.67
69,43,YRWA,10,F,F,S,T,13,0.77
76,49,YRWA,5,F,F,F,T,11,0.45
84,52,BBTO,4,F,F,F,S,25,0.16
85,52,BBTO,4,F,F,F,S,25,0.16
91,54,CMWA,8,F,F,G,T,10,0.80
93,54,CMWA,9,F,F,G,T,10,0.90
110,66,AMRE,4,F,F,G,T,11,0.36
115,68,BAWW,1,F,F,G,T,12,0.08
117,70,NOPA,4,F,F,G,D,12,0.33
118,70,NOPA,4,F,F,G,D,12,0.33
119,70,NOPA,4,F,F,H,D,12,0.33
134,75,AMRE,1.5,F,F,F,T,9,0.17
135,75,AMRE,2.5,F,F,F,T,9,0.28
136,76,BBTO,2,F,F,F,T,9,0.22
145,84,YRWA,1,F,F,S,B,3,0.33
147,85,YRWA,2,F,F,F,B,3,0.67
162,92,PRAW,6,F,F,F,T,11,0.55
167,92,PRAW,5,F,F,F,T,11,0.45
169,93,PRAW,0.3,F,F,F,B,10,0.03
170,93,PRAW,0.3,F,F,F,B,10,0.03
171,93,PRAW,0.1,F,F,F,B,10,0.01
172,93,PRAW,0.1,F,F,S,B,10,0.01
180,97,CMWA,10,F,F,G,T,15,0.67
185,97,CMWA,10,F,F,G,T,15,0.67
210,106,CMWA,5,F,F,F,T,8,0.63
230,118,YRWA,1.5,F,F,F,T,14,0.11
315,156,PAWA,0.2,F,F,G,D,10,0.02
322,157,PRAW,4,F,F,G,T,8,0.50
364,173,PAWA,2,F,F,G,D,9,0.22
365,173,PAWA,2,F,F,G,D,9,0.22
371,175,CMWA,6,F,F,G,T,16,0.38
379,176,CMWA,10,F,F,P,T,16,0.63
392,179,YRWA,10,F,F,F,T,12,0.83
397,181,YRWA,0.1,F,F,H,B,13,0.01
398,181,YRWA,0.2,F,F,F,B,13,0.02
407,184,CMWA,3.5,F,F,G,T,10,0.35
410,186,CMWA,1.5,F,F,F,B,13,0.12
423,190,CMWA,6,F,F,F,T,11,0.55
431,191,CMWA,12,F,F,S,T,14,0.86
448,196,PRAW,4,F,F,F,T,5,0.80
454,199,PRAW,4,F,F,G,S,5,0.80
455,199,PRAW,4,F,F,H,S,5,0.80
457,199,PRAW,4,F,F,F,S,5,0.80
458,200,PRAW,1,F,F,G,B,6,0.17
462,202,AMRE,0.2,F,F,H,B,2,0.10
474,205,YRWA,0.1,F,F,G,GC,9,0.01
538,236,YRWA,5,F,F,G,G,12,0.42
539,237,YRWA,0.3,F,F,G,B,12,0.03
540,238,CMWA,6,F,F,G,T,12,0.50
544,240,CMWA,5,F,F,G,T,12,0.42
589,258,BBTO,3,F,F,F,S,8,0.38
590,259,BBTO,2.5,F,F,F,S,8,0.31
605,265,NOPA,8,F,F,G,S,10,0.80
609,266,AMRE,3,F,F,S,D,10,0.30
612,266,AMRE,3,F,F,F,T,10,0.30
613,266,AMRE,4,F,F,F,T,10,0.40
614,267,PRAW,1.5,F,F,G,D,12,0.13
615,267,PRAW,1.5,F,F,G,D,12,0.13
616,267,PRAW,1.5,F,F,G,D,12,0.13
617,267,PRAW,1.5,F,F,G,D,12,0.13
618,267,PRAW,1.5,F,F,G,D,12,0.13
8,8,YRWA,0.2,F,F,G,,,
26,22,YRWA,0,G,G,H,G,,
132,73,YRWA,0,G,G,G,G,,
133,74,YRWA,0,G,G,G,G,,
141,80,YRWA,0,G,G,G,G,3,0.00
154,90,PRAW,0.5,G,G,G,B,10,0.05
187,98,PAWA,0,G,G,G,G,,
193,99,YRWA,0,G,G,G,T,,
194,100,YRWA,0,G,G,G,L,,
195,100,YRWA,0,G,G,G,L,,
196,100,YRWA,0,G,G,G,L,,
197,100,YRWA,0,G,G,G,L,,
200,101,YRWA,0,G,G,G,L,,
217,110,YRWA,0,G,G,S,T,11,0.00
219,111,PAWA,0,G,G,S,T,11,0.00
228,117,OVEN,0,G,G,G,G,17,0.00
231,119,YRWA,0,G,G,G,G,14,0.00
235,123,YRWA,0,G,G,G,G,14,0.00
236,123,YRWA,0,G,G,G,G,14,0.00
237,124,YRWA,0,G,G,G,G,14,0.00
238,124,YRWA,0,G,G,G,G,14,0.00
240,126,OVEN,0,G,G,G,G,12,0.00
241,126,OVEN,0,G,G,G,G,12,0.00
242,126,OVEN,0,G,G,G,G,12,0.00
243,126,OVEN,0,G,G,G,G,12,0.00
244,126,OVEN,0,G,G,G,G,12,0.00
245,127,OVEN,0,G,G,G,G,12,0.00
246,127,OVEN,0,G,G,G,G,12,0.00
247,128,YRWA,0,G,G,S,G,10,0.00
278,141,OVEN,0,G,G,G,T,10,0.00
279,141,OVEN,0,G,G,S,T,10,0.00
290,146,PAWA,0,G,G,G,G,9,0.00
301,151,YRWA,0,G,G,G,G,12,0.00
306,152,YRWA,0,G,G,G,G,12,0.00
316,156,PAWA,0,G,G,G,L,10,0.00
317,156,PAWA,0,G,G,G,L,10,0.00
318,156,PAWA,0,G,G,G,L,10,0.00
324,158,PAWA,0,G,G,G,G,5,0.00
325,158,PAWA,0,G,G,F,G,5,0.00
328,158,PAWA,0.1,G,G,H,GC,5,0.02
333,160,PAWA,0,G,G,G,L,,
334,160,PAWA,0,G,G,G,L,1,0.00
335,160,PAWA,0,G,G,G,L,1,0.00
336,160,PAWA,0,G,G,G,L,1,0.00
337,160,PAWA,0,G,G,G,L,1,
339,161,PAWA,0,G,G,G,L,12,0.00
340,161,PAWA,0,G,G,F,L,12,0.00
341,161,PAWA,0,G,G,G,L,12,0.00
343,163,PAWA,0,G,G,S,L,12,0.00
344,163,PAWA,0,G,G,S,L,12,0.00
345,163,PAWA,0,G,G,S,L,12,0.00
348,167,YRWA,0,G,G,K,G,9,0.00
349,167,YRWA,0,G,G,K,G,9,0.00
350,167,YRWA,0,G,G,K,G,9,0.00
351,167,YRWA,0,G,G,K,G,9,0.00
352,167,YRWA,0,G,G,K,G,9,0.00
366,174,PAWA,0,G,G,G,G,9,0.00
367,174,PAWA,0,G,G,G,G,9,0.00
368,174,PAWA,0,G,G,G,G,9,0.00
393,180,YRWA,0,G,G,G,L,13,0.00
394,180,YRWA,0,G,G,G,L,13,0.00
395,180,YRWA,0,G,G,G,L,13,0.00
396,180,YRWA,0,G,G,G,R,13,0.00
399,181,YRWA,0,G,G,G,R,13,0.00
470,204,YRWA,0,G,G,K,V,,
471,204,YRWA,0,G,G,K,V,,
477,206,YRWA,0,G,G,K,V,9,0.00
478,207,YRWA,0,G,G,K,V,9,0.00
489,212,OVEN,0,G,G,S,LL,12,0.00
503,219,OVEN,0,G,G,S,LL,15,0.00
504,219,OVEN,0,G,G,G,LL,15,0.00
532,230,YRWA,0,G,G,G,G,6,0.00
533,231,YRWA,0,G,G,G,G,6,0.00
534,232,YRWA,0,G,G,G,G,6,0.00
535,233,YRWA,0,G,G,G,G,6,0.00
536,234,YRWA,0,G,G,G,G,6,0.00
537,235,YRWA,0,G,G,G,G,6,0.00
549,246,YRWA,0,G,G,F,G,15,0.00
550,246,YRWA,0,G,G,K,G,15,0.00
551,246,YRWA,0,G,G,F,G,15,0.00
552,246,YRWA,0,G,G,F,G,15,0.00
553,246,YRWA,0,G,G,F,G,15,0.00
554,246,YRWA,0,G,G,K,,15,0.00
555,246,YRWA,0,G,G,F,,15,0.00
556,247,PRAW,0,G,G,K,G,15,0.00
571,253,YRWA,0,G,G,K,R,10,0.00
572,253,YRWA,0,G,G,K,R,10,0.00
573,253,YRWA,0,G,G,K,R,10,0.00
574,253,YRWA,0,G,G,K,R,10,0.00
575,254,YRWA,0,G,G,K,R,10,0.00
576,254,YRWA,0,G,G,K,R,10,0.00
666,290,YRWA,0,G,G,S,G,,
668,291,YRWA,0,G,G,K,G,,
2,2,YRWA,1.5,L,L,P,,,
199,100,YRWA,0.2,L,L,H,L,,
353,168,YRWA,0.1,L,L,P,GC,,
354,168,YRWA,0.1,L,L,P,GC,,
373,175,CMWA,7,L,L,H,T,16,0.44
374,175,CMWA,7,L,L,S,T,16,0.44
375,175,CMWA,9,L,L,H,T,16,0.56
376,175,CMWA,9,L,L,H,T,16,0.56
377,175,CMWA,9,L,L,H,T,16,0.56
378,175,CMWA,9,L,L,H,T,16,0.56
381,177,NOPA,9,L,L,H,T,16,0.56
382,177,NOPA,9,L,L,H,T,16,0.56
383,177,NOPA,9,L,L,H,T,16,0.56
384,178,PRAW,9,L,L,H,T,16,0.56
385,178,PRAW,9,L,L,H,T,16,0.56
386,178,PRAW,9,L,L,H,T,16,0.56
411,186,CMWA,1.5,L,L,H,B,13,0.12
449,197,NOPA,4,L,L,G,T,5,0.80
461,202,AMRE,0.5,L,L,H,B,2,0.25
467,203,YRWA,0.1,L,L,G,V,,
468,203,YRWA,0.1,L,L,G,V,,
469,203,YRWA,0.1,L,L,G,V,,
472,204,YRWA,0.3,L,L,H,,,
587,258,BBTO,2,L,L,H,S,8,0.25
588,258,BBTO,2,L,L,H,S,8,0.25
611,266,AMRE,3,L,L,H,T,10,0.30
645,277,OVEN,0,G,G,G,LL,8,0.00
7,7,YRWA,0.2,OB,B,F,,,
78,50,YRWA,4,OB,B,G,T,11,0.36
10,10,YRWA,0.2,OF,F,G,,,
15,14,AMRE,4,OF,F,G,,,
20,17,NOPA,7,OF,F,G,,,
21,18,YRWA,3,OF,F,G,,,
25,21,CMWA,7,OF,F,G,,,
37,28,CMWA,7,OF,F,G,T,9,0.78
42,31,NOPA,7,OF,F,H,T,16,0.44
67,41,NOPA,6,OF,F,G,T,14,0.43
72,45,NOPA,4,OF,F,G,T,6,0.67
73,46,PRAW,11,OF,F,G,T,11,1.00
79,51,CMWA,13,OF,F,G,T,13,1.00
109,65,NOPA,4,OF,F,G,T,9,0.44
113,67,CMWA,9,OF,F,G,T,11,0.82
125,72,CMWA,1.5,OF,F,G,S,,
126,72,CMWA,1.5,OF,F,G,S,,
127,72,CMWA,1.5,OF,F,G,S,,
131,72,NOPA,4,OF,F,F,T,14,0.29
153,89,YRWA,0.5,OF,F,G,,,
156,90,PRAW,0.5,OF,F,G,B,10,0.05
159,91,YRWA,0,OF,F,G,GC,11,0.00
165,92,PRAW,6,OF,F,G,T,11,0.55
173,94,AMRE,2,OF,F,G,T,10,0.20
176,95,CMWA,7,OF,F,G,T,14,0.50
178,96,CMWA,7,OF,F,G,T,14,0.50
202,102,YRWA,7,OF,F,G,T,12,0.58
211,107,YRWA,5,OF,F,G,T,11,0.45
212,108,PRAW,5,OF,F,G,T,11,0.45
214,108,PRAW,5,OF,F,G,T,11,0.45
215,108,PRAW,5,OF,F,H,T,11,0.45
249,128,YRWA,5,OF,F,G,,10,0.50
254,130,BBTO,7,OF,F,S,T,10,0.70
256,131,BBTO,4,OF,F,F,T,9,0.44
263,136,BWVI,5,OF,F,G,T,10,0.50
270,138,YRWA,5,OF,F,F,T,11,0.45
272,139,AMRE,5,OF,F,H,T,9,0.56
283,143,PRAW,3,OF,F,F,T,10,0.30
287,146,PAWA,2,OF,F,G,G,9,0.22
289,146,PAWA,2,OF,F,G,G,9,0.22
293,149,CMWA,7,OF,F,F,T,12,0.58
303,151,YRWA,3,OF,F,F,G,12,0.25
305,152,YRWA,0,OF,F,G,G,12,0.00
309,154,CMWA,9,OF,F,G,T,10,0.90
312,154,CMWA,9,OF,F,G,T,10,0.90
387,179,BWVI,6,OF,F,G,T,8,0.75
408,185,YRWA,0.5,OF,F,G,B,6,0.08
409,186,CMWA,1.5,OF,F,G,B,13,0.12
421,190,CMWA,6,OF,F,G,T,11,0.55
445,195,PRAW,4,OF,F,G,T,5,0.80
447,195,PRAW,4,OF,F,G,T,5,0.80
453,199,PRAW,4,OF,F,G,S,5,0.80
456,199,PRAW,4,OF,F,G,S,5,0.80
465,203,PRAW,3,OF,F,G,D,3,1.00
466,203,PRAW,3,OF,F,G,D,3,1.00
492,215,BBTO,5,OF,F,F,T,12,0.42
496,216,BAWW,5,OF,F,G,T,12,0.42
507,221,BBTO,3,OF,F,F,T,8,0.38
509,223,CMWA,3,OF,F,G,T,6,0.50
559,247,CMWA,6,OF,F,G,T,12,0.50
561,248,YRWA,0.3,OF,F,G,D,9,0.03
562,248,YRWA,3,OF,F,G,T,9,0.33
563,248,YRWA,2,OF,F,G,T,9,0.22
566,250,CMWA,8,OF,F,G,T,15,0.53
601,262,BWVI,8,OF,F,G,T,10,0.80
608,265,NOPA,8,OF,F,G,S,10,0.80
622,268,PRAW,6,OF,F,G,T,9,0.67
624,270,CMWA,7,OF,F,F,T,9,0.78
627,271,BAWW,5,OF,F,G,T,9,0.56
633,273,BAWW,7,OF,F,G,T,8,0.88
635,274,BBTO,4,OF,F,F,T,8,0.50
639,275,BWVI,7,OF,F,G,T,8,0.88
654,281,BBTO,5,OF,F,F,T,9,0.56
656,281,BBTO,6,OF,F,S,T,9,0.67
9,9,YRWA,2,OL,L,G,,,
11,11,NOPA,2.5,OL,L,G,,,
14,12,NOPA,3,OL,L,G,,,
17,16,NOPA,2,OL,L,H,,,
24,20,NOPA,,OL,L,G,,,
27,22,YRWA,3,OL,L,G,T,,
33,26,CMWA,3,OL,L,H,T,,
40,30,NOPA,9,OL,L,G,T,9,1.00
41,31,NOPA,9,OL,L,G,T,16,0.56
53,36,NOPA,5,OL,L,G,S,12,0.42
55,37,NOPA,6,OL,L,H,T,12,0.50
56,37,NOPA,4,OL,L,G,T,8,0.50
57,38,BBTO,6,OL,L,F,T,12,0.50
59,39,BBTO,4,OL,L,F,T,12,0.33
62,40,NOPA,3,OL,L,H,T,14,0.21
65,40,NOPA,4,OL,L,H,T,14,0.29
66,41,NOPA,6,OL,L,G,T,12,0.50
70,44,CMWA,7,OL,L,G,T,13,0.54
74,47,YRWA,3,OL,L,G,T,12,0.25
77,50,YRWA,4,OL,L,H,T,11,0.36
80,51,CMWA,13,OL,L,G,T,13,1.00
86,53,NOPA,7,OL,L,G,T,10,0.70
87,53,NOPA,8,OL,L,G,T,10,0.80
88,53,NOPA,8,OL,L,F,T,10,0.80
94,55,NOPA,2,OL,L,G,B,10,0.20
95,56,NOPA,6,OL,L,G,T,10,0.60
104,62,AMRE,2,OL,L,H,S,13,0.15
122,71,NOPA,3,OL,L,H,T,14,0.21
124,72,CMWA,1.5,OL,L,G,S,,
128,72,CMWA,1.5,OL,L,G,S,,
130,72,NOPA,2,OL,L,G,T,10,0.20
137,77,AMRE,2,OL,L,G,T,9,0.22
138,78,YRWA,3,OL,L,H,T,9,0.33
139,79,YRWA,0.5,OL,L,H,B,3,0.17
140,79,YRWA,0.5,OL,L,H,B,3,0.17
143,82,YRWA,1,OL,L,P,B,3,0.33
144,83,YRWA,0.5,OL,L,H,B,3,0.17
146,84,YRWA,0.5,OL,L,G,B,3,0.17
150,87,NOPA,0.5,OL,L,G,B,3,0.17
160,91,YRWA,0.5,OL,L,G,GC,11,0.05
161,92,PRAW,6,OL,L,H,T,11,0.55
163,92,PRAW,6,OL,L,H,T,11,0.55
164,92,PRAW,6,OL,L,H,T,11,0.55
166,92,PRAW,5,OL,L,H,T,11,0.45
175,95,CMWA,7,OL,L,G,T,14,0.50
177,96,CMWA,7,OL,L,G,T,14,0.50
182,97,CMWA,10,OL,L,G,T,15,0.67
183,97,CMWA,10,OL,L,G,T,15,0.67
188,98,PAWA,6,OL,L,G,T,7,0.86
189,98,PAWA,6,OL,L,H,T,7,0.86
190,98,PAWA,6,OL,L,G,T,7,0.86
191,98,PAWA,6,OL,L,G,T,7,0.86
192,99,YRWA,0.1,OL,L,G,T,,
208,104,NOPA,7,OL,L,H,T,13,0.54
209,105,BWVI,6,OL,L,G,T,12,0.50
213,108,PRAW,5,OL,L,G,T,11,0.45
220,112,NOPA,5,OL,L,G,T,7,0.71
221,112,NOPA,5,OL,L,G,T,7,0.71
223,113,YRWA,7,OL,L,H,T,12,0.58
224,113,YRWA,7,OL,L,H,T,12,0.58
234,122,YRWA,2,OL,L,G,T,14,0.14
239,125,YRWA,0.3,OL,L,H,,14,0.02
248,128,YRWA,4,OL,L,H,,10,0.40
250,129,CMWA,6,OL,L,G,,10,0.60
251,129,CMWA,5,OL,L,H,,10,0.50
252,130,BBTO,8,OL,L,F,T,10,0.80
253,130,BBTO,7,OL,L,F,T,10,0.70
255,131,BBTO,5,OL,L,F,T,9,0.56
257,132,YRWA,3,OL,L,F,T,9,0.33
258,132,YRWA,4,OL,L,G,T,9,0.44
259,133,YRWA,5,OL,L,H,T,9,0.56
261,134,AMRE,6,OL,L,G,T,10,0.60
262,135,BBTO,6,OL,L,F,T,10,0.60
264,136,BWVI,6,OL,L,G,T,10,0.60
267,137,PRAW,4,OL,L,G,B,8,0.50
268,137,PRAW,3,OL,L,G,B,8,0.38
269,138,YRWA,5,OL,L,G,T,11,0.45
271,139,AMRE,5,OL,L,G,T,9,0.56
273,139,AMRE,4,OL,L,G,T,9,0.44
275,139,AMRE,5,OL,L,G,T,9,0.56
280,142,AMRE,2,OL,L,G,T,10,0.20
281,142,AMRE,4,OL,L,F,T,10,0.40
282,143,PRAW,2,OL,L,G,T,10,0.20
284,143,PRAW,3,OL,L,S,T,10,0.30
285,144,NOPA,7,OL,L,G,T,10,0.70
286,145,BBTO,4,OL,L,F,T,10,0.40
288,146,PAWA,3,OL,L,F,G,9,0.33
294,149,CMWA,6,OL,L,H,T,12,0.50
295,149,CMWA,6,OL,L,G,T,12,0.50
297,150,CMWA,6,OL,L,H,T,12,0.50
298,150,CMWA,4,OL,L,G,T,12,0.33
299,150,CMWA,5,OL,L,G,T,12,0.42
300,150,CMWA,5,OL,L,H,T,12,0.42
302,151,YRWA,2,OL,L,H,G,12,0.17
304,152,YRWA,2,OL,L,G,G,12,0.17
307,153,PRAW,6,OL,L,G,T,11,0.55
308,154,CMWA,9,OL,L,G,T,10,0.90
310,154,CMWA,9,OL,L,G,T,10,0.90
313,154,CMWA,9,OL,L,G,T,10,0.90
314,154,CMWA,9,OL,L,G,T,10,0.90
321,157,PRAW,4,OL,L,G,T,8,0.50
323,157,PRAW,4,OL,L,G,T,8,0.50
326,158,PAWA,0,OL,L,G,G,5,0.00
338,161,PAWA,1,OL,L,H,B,12,0.08
346,164,YRWA,6,OL,L,G,T,12,0.50
347,166,PRAW,5,OL,L,G,T,12,0.42
358,169,YRWA,4,OL,L,H,T,10,0.40
359,170,YRWA,4,OL,L,G,T,12,0.33
402,183,CMWA,8,OL,L,G,T,9,0.89
413,186,CMWA,1.5,OL,L,G,S,13,0.12
415,187,NOPA,1,OL,L,G,S,13,0.08
417,189,CMWA,9,OL,L,G,T,11,0.82
418,189,CMWA,9,OL,L,G,T,11,0.82
419,189,CMWA,9,OL,L,G,T,11,0.82
420,189,CMWA,9,OL,L,G,T,11,0.82
432,191,CMWA,12,OL,L,G,T,14,0.86
433,192,PRAW,2,OL,L,G,B,6,0.33
434,192,PRAW,2,OL,L,G,B,6,0.33
437,192,PRAW,2,OL,L,G,B,6,0.33
438,193,AMRE,6,OL,L,P,T,6,1.00
440,194,NOPA,7,OL,L,G,T,10,0.70
441,195,PRAW,3,OL,L,P,B,5,0.60
442,195,PRAW,3,OL,L,G,B,5,0.60
446,195,PRAW,4,OL,L,G,T,5,0.80
450,197,NOPA,4,OL,L,G,T,5,0.80
459,200,PRAW,4,OL,L,G,T,6,0.67
460,201,PRAW,2,OL,L,H,B,2,1.00
473,205,YRWA,0.5,OL,L,G,GC,9,0.06
475,206,YRWA,0.2,OL,L,H,GC,9,0.02
485,210,NOPA,8,OL,L,G,T,12,0.67
486,210,NOPA,7,OL,L,H,T,12,0.58
487,211,BBTO,7,OL,L,G,T,12,0.58
490,214,BBTO,6,OL,L,F,T,12,0.50
491,214,BBTO,6,OL,L,F,T,12,0.50
497,217,BWVI,5,OL,L,G,T,17,0.29
498,217,BWVI,6,OL,L,G,T,17,0.35
505,220,BBTO,4,OL,L,F,T,8,0.50
506,221,BBTO,3,OL,L,F,T,8,0.38
508,222,CMWA,2,OL,L,G,S,7,0.29
546,244,CMWA,3,OL,L,G,T,12,0.25
548,245,YRWA,8,OL,L,G,T,14,0.57
558,247,CMWA,5,OL,L,G,T,12,0.42
565,250,CMWA,7,OL,L,G,T,15,0.47
567,251,YRWA,12,OL,L,H,T,15,0.80
568,251,YRWA,11,OL,L,G,T,15,0.73
569,252,PRAW,6,OL,L,G,T,13,0.46
570,252,PRAW,6,OL,L,G,T,13,0.46
577,255,BWVI,11,OL,L,G,T,12,0.92
578,255,BWVI,11,OL,L,G,T,12,0.92
579,255,BWVI,11,OL,L,G,T,12,0.92
580,255,BWVI,11,OL,L,G,T,12,0.92
581,255,BWVI,11,OL,L,G,T,12,0.92
585,256,CMWA,5,OL,L,H,T,12,0.42
586,257,BWVI,4,OL,L,G,T,10,0.40
602,262,BWVI,5,OL,L,G,T,10,0.50
619,268,PRAW,5,OL,L,G,T,9,0.56
620,268,PRAW,5,OL,L,G,T,9,0.56
623,269,YRWA,4,OL,L,G,T,9,0.44
625,270,CMWA,7,OL,L,S,T,9,0.78
629,271,BAWW,6,OL,L,G,T,9,0.67
630,272,NOPA,4,OL,L,G,T,8,0.50
634,274,BBTO,4,OL,L,F,T,8,0.50
636,274,BBTO,5,OL,L,F,T,8,0.63
637,275,BWVI,7,OL,L,G,T,8,0.88
641,276,BWVI,7,OL,L,G,T,8,0.88
642,276,BWVI,6,OL,L,G,T,8,0.75
650,279,BBTO,6,OL,L,F,T,9,0.67
651,279,BBTO,6,OL,L,F,T,9,0.67
652,279,BBTO,6,OL,L,F,T,9,0.67
653,280,NOPA,6,OL,L,G,T,9,0.67
655,281,BBTO,5,OL,L,F,T,9,0.56
657,282,NOPA,7,OL,L,G,T,9,0.78
660,283,CMWA,8,OL,L,G,T,9,0.89
661,284,CMWA,7,OL,L,H,T,9,0.78
665,287,BWVI,4,OL,L,G,B,5,0.80
667,290,YRWA,6,OL,L,G,T,12,0.50
529,229,CMWA,4,OL ,L,G,T,8,0.50
530,229,CMWA,4,OL ,L,G,T,8,0.50
531,229,CMWA,4,OL ,L,G,T,8,0.50
13,12,NOPA,2.8,OS,B,G,,,
82,51,CMWA,13,OS,B,G,T,13,1.00
205,103,AMRE,1.5,OS,B,G,D,11,0.14
482,209,BWVI,8,OS,B,G,T,9,0.89
401,182,AMRE,2,S,B,G,T,12,0.17
81,51,CMWA,13,SW,O,G,T,13,1.00
101,61,NOPA,9,SW,O,G,T,11,0.82
102,61,NOPA,9,SW,O,H,T,11,0.82
103,61,NOPA,9,SW,O,G,T,11,0.82
105,63,NOPA,4,SW,O,G,T,9,0.44
106,63,NOPA,3,SW,O,H,T,9,0.33
120,71,NOPA,3,SW,O,G,B,14,0.21
229,118,YRWA,0.8,SW,O,H,T,14,0.06
232,120,YRWA,2.3,SW,O,S,S,14,0.16
479,208,YRWA,1.5,SW,O,G,T,9,0.17
480,208,YRWA,1.5,SW,O,G,T,9,0.17
481,208,YRWA,1.5,SW,O,G,T,9,0.17
525,228,NOPA,3,SW,O,G,T,8,0.38
610,266,AMRE,3,SW,O,G,D,10,0.30
44,33,BAWW,4,T,T,G,S,16,0.25
45,33,BAWW,4,T,T,G,S,16,0.25
114,68,BAWW,1,T,T,G,T,12,0.08
116,69,BAWW,3,T,T,G,T,12,0.25
148,85,YRWA,1.5,T,T,S,B,3,0.50
207,103,AMRE,1,T,T,G,T,11,0.09
218,111,PAWA,2,T,T,G,T,11,0.18
227,116,BAWW,1,T,T,G,T,10,0.10
276,140,BAWW,3,T,T,G,T,9,0.33
277,140,BAWW,4,T,T,G,T,9,0.44
291,148,BAWW,3,T,T,G,T,9,0.33
292,148,BAWW,5,T,T,G,T,9,0.56
360,170,YRWA,4,T,T,G,T,12,0.33
493,216,BAWW,4,T,T,G,T,12,0.33
494,216,BAWW,6,T,T,G,T,12,0.50
495,216,BAWW,6,T,T,G,T,12,0.50
626,271,BAWW,5,T,T,G,T,9,0.56
628,271,BAWW,6,T,T,G,T,9,0.67
631,273,BAWW,5,T,T,G,T,8,0.63
632,273,BAWW,6,T,T,G,T,8,0.75
662,285,BAWW,6,T,T,G,T,9,0.67
663,285,BAWW,6,T,T,G,T,9,0.67
664,285,BAWW,6,T,T,S,T,9,0.67
4,4,YRWA,1.5,U,O,G,,,
5,5,YRWA,0.5,U,O,F,,,
3,3,YRWA,1.5,U ,O,G,,,
1,1,YRWA,1,UB,B,P,,,
6,6,YRWA,0.1,UB,B,G,,,
18,16,NOPA,1.5,UF,F,G,,,
32,26,CMWA,5,UF,F,G,T,,
48,35,PRAW,8,UF,F,G,T,14,0.57
52,36,NOPA,9,UF,F,G,T,12,0.75
83,51,CMWA,11,UF,F,G,T,13,0.85
151,88,YRWA,1,UF,F,G,B,3,0.33
203,102,YRWA,6,UF,F,G,T,12,0.50
363,172,YRWA,4,UF,F,G,T,12,0.33
422,190,CMWA,6,UF,F,G,T,11,0.55
436,192,PRAW,2,UF,F,G,B,6,0.33
439,193,AMRE,6,UF,F,G,T,6,1.00
451,197,NOPA,4,UF,F,G,T,5,0.80
463,203,PRAW,3,UF,F,G,D,3,1.00
464,203,PRAW,3,UF,F,G,D,3,1.00
520,226,CMWA,9,UF,F,G,T,10,0.90
560,248,YRWA,1,UF,F,G,D,9,0.11
607,265,NOPA,8,UF,F,G,S,10,0.80
19,16,NOPA,1.75,UL,L,G,,,
29,25,NOPA,11,UL,L,G,T,,
31,26,CMWA,4,UL,L,G,B,,
34,27,NOPA,3.5,UL,L,G,T,9,0.39
35,27,NOPA,3.5,UL,L,F,T,9,0.39
36,27,NOPA,3.5,UL,L,H,T,9,0.39
38,29,NOPA,1.5,UL,L,G,T,9,0.17
39,29,NOPA,1.5,UL,L,G,T,9,0.17
47,34,AMRE,6,UL,L,G,T,12,0.50
49,35,PRAW,8,UL,L,G,T,14,0.57
51,36,NOPA,8,UL,L,G,T,12,0.67
54,36,NOPA,5,UL,L,G,T,12,0.42
61,39,BBTO,2,UL,L,H,T,12,0.17
63,40,NOPA,4,UL,L,G,T,14,0.29
71,45,NOPA,4,UL,L,H,T,6,0.67
89,53,NOPA,8,UL,L,G,T,10,0.80
96,56,NOPA,6,UL,L,G,T,10,0.60
98,57,NOPA,1,UL,L,G,S,16,0.06
100,60,NOPA,2,UL,L,H,S,12,0.17
107,63,NOPA,3,UL,L,G,T,9,0.33
108,64,AMRE,0.8,UL,L,H,B,9,0.09
111,66,AMRE,4,UL,L,G,T,11,0.36
121,71,NOPA,3,UL,L,G,T,14,0.21
123,71,NOPA,4,UL,L,G,T,14,0.29
129,72,NOPA,2,UL,L,G,T,10,0.20
142,81,YRWA,1,UL,L,G,B,3,0.33
155,90,PRAW,0.5,UL,L,G,B,10,0.05
157,90,PRAW,0.5,UL,L,G,B,10,0.05
158,91,YRWA,0.5,UL,L,H,GC,11,0.05
168,93,PRAW,0.3,UL,L,G,B,10,0.03
174,95,CMWA,7,UL,L,G,T,14,0.50
179,97,CMWA,10,UL,L,G,T,15,0.67
181,97,CMWA,10,UL,L,G,T,15,0.67
184,97,CMWA,10,UL,L,G,T,15,0.67
186,97,CMWA,10,UL,L,G,T,15,0.67
206,103,AMRE,1.5,UL,L,G,T,11,0.14
216,109,YRWA,6,UL,L,H,T,11,0.55
222,112,NOPA,5,UL,L,G,T,7,0.71
225,114,BWVI,1.8,UL,L,G,B,6,0.30
226,115,BBTO,4.5,UL,L,H,T,10,0.45
233,121,YRWA,2,UL,L,G,T,14,0.14
260,134,AMRE,6,UL,L,G,T,10,0.60
274,139,AMRE,4,UL,L,G,T,9,0.44
296,149,CMWA,5,UL,L,G,T,12,0.42
311,154,CMWA,9,UL,L,G,T,10,0.90
327,158,PAWA,0,UL,L,G,G,5,0.00
329,159,AMRE,4,UL,L,G,T,8,0.50
330,159,AMRE,4,UL,L,G,T,8,0.50
331,159,AMRE,3,UL,L,G,T,8,0.38
355,168,YRWA,1,UL,L,G,GC,,
356,168,YRWA,1,UL,L,G,GC,,
357,168,YRWA,1,UL,L,G,GC,,
361,171,YRWA,5,UL,L,G,T,12,0.42
362,171,YRWA,5,UL,L,G,T,12,0.42
369,174,PAWA,0.3,UL,L,G,GC,9,0.03
370,174,PAWA,0.3,UL,L,G,GC,9,0.03
372,175,CMWA,7,UL,L,G,T,16,0.44
380,177,NOPA,6,UL,L,G,T,16,0.38
388,179,BWVI,6,UL,L,G,T,8,0.75
400,182,AMRE,1,UL,L,H,T,12,0.08
412,186,CMWA,1.5,UL,L,G,B,13,0.12
414,187,NOPA,1,UL,L,G,S,13,0.08
430,191,CMWA,13,UL,L,G,T,14,0.93
435,192,PRAW,2,UL,L,G,B,6,0.33
443,195,PRAW,3,UL,L,G,B,5,0.60
444,195,PRAW,4,UL,L,G,T,5,0.80
452,198,PRAW,3,UL,L,G,B,5,0.60
476,206,YRWA,0.2,UL,L,G,GC,9,0.02
510,223,CMWA,3,UL,L,G,T,6,0.50
519,225,NOPA,4,UL,L,G,S,16,0.25
526,228,NOPA,3,UL,L,G,T,8,0.38
527,229,CMWA,4,UL,L,G,T,8,0.50
541,238,CMWA,6,UL,L,H,T,12,0.50
542,239,CMWA,7,UL,L,H,T,12,0.58
543,239,CMWA,7,UL,L,G,T,12,0.58
545,241,BWVI,4,UL,L,G,T,7,0.57
547,245,YRWA,8,UL,L,G,T,14,0.57
557,247,CMWA,5,UL,L,S,T,12,0.42
564,250,CMWA,7,UL,L,G,T,15,0.47
582,256,CMWA,4,UL,L,G,T,12,0.33
583,256,CMWA,4,UL,L,G,T,12,0.33
584,256,CMWA,4,UL,L,G,T,12,0.33
603,262,BWVI,5,UL,L,G,T,10,0.50
604,262,BWVI,5,UL,L,G,T,10,0.50
606,265,NOPA,8,UL,L,G,S,10,0.80
621,268,PRAW,5,UL,L,G,T,9,0.56
638,275,BWVI,7,UL,L,G,T,8,0.88
658,282,NOPA,7,UL,L,G,T,9,0.78
659,283,CMWA,7,UL,L,G,T,9,0.78
528,229,CMWA,4,UL ,L,G,T,8,0.50
75,48,NOPA,10,US,B,G,T,11,0.91
149,86,YRWA,1,W,W,C,B,3,0.33
342,162,YRWA,2,W,W,G,,12,0.17
403,184,CMWA,3.5,W,W,D,T,10,0.35
404,184,CMWA,3.5,W,W,D,T,10,0.35
405,184,CMWA,3.5,W,W,D,T,10,0.35
406,184,CMWA,3.5,W,W,D,T,10,0.35
416,188,CMWA,9,W,W,D,T,11,0.82
424,191,CMWA,13,W,W,D,T,14,0.93
425,191,CMWA,13,W,W,D,T,14,0.93
426,191,CMWA,13,W,W,D,T,14,0.93
427,191,CMWA,13,W,W,D,T,14,0.93
428,191,CMWA,13,W,W,D,T,14,0.93
429,191,CMWA,13,W,W,D,T,14,0.93
511,223,CMWA,4,W,W,D,T,6,0.67
512,223,CMWA,4,W,W,D,T,6,0.67
513,224,CMWA,12.5,W,W,D,T,13,0.96
514,224,CMWA,12.5,W,W,D,T,13,0.96
515,224,CMWA,12.5,W,W,D,T,13,0.96
516,224,CMWA,12.5,W,W,D,T,13,0.96
517,224,CMWA,12.5,W,W,D,T,13,0.96
265,136,BWVI,6,Y,W,C,T,10,0.60
266,136,BWVI,6,Y,W,C,T,10,0.60
483,209,BWVI,7,Y,W,C,T,9,0.78
484,209,BWVI,7,Y,W,C,T,9,0.78
499,217,BWVI,6,Y,W,C,T,17,0.35
521,227,BWVI,7.5,Y,W,C,T,8,0.94
522,227,BWVI,7.5,Y,W,C,T,8,0.94
523,227,BWVI,7.5,Y,W,C,T,8,0.94
591,260,BWVI,6,Y,W,C,T,8,0.75
592,260,BWVI,6,Y,W,C,T,8,0.75
593,260,BWVI,6,Y,W,C,T,8,0.75
594,260,BWVI,6,Y,W,C,T,8,0.75
595,260,BWVI,6,Y,W,C,T,8,0.75
596,261,BWVI,7,Y,W,C,T,8,0.88
597,261,BWVI,7,Y,W,C,T,8,0.88
598,261,BWVI,7,Y,W,C,T,8,0.88
599,261,BWVI,7,Y,W,C,T,8,0.88
600,261,BWVI,7,Y,W,C,T,8,0.88
640,276,BWVI,6,Y,W,C,T,8,0.75
12,11,NOPA,2.25,,,G,,,
16,15,AMRE,0.7,,,F,,,
23,19,AMRE,11,,,F,,,
46,34,AMRE,2,,,H,T,12,0.17
90,53,NOPA,8,,,S,T,10,0.80
92,54,CMWA,8,,,F,T,10,0.80
97,57,NOPA,1.2,,,S,S,16,0.08
99,59,NOPA,5,,,S,D,8,0.63
112,66,AMRE,4,,,H,T,11,0.36
198,100,YRWA,0,,,F,L,,
201,101,YRWA,0.2,,,F,L,,
204,103,AMRE,0.5,,,H,B,11,0.05
319,156,PAWA,0.5,,,F,,10,0.05
320,156,PAWA,0,,,F,,10,0.00
332,160,PAWA,0.5,,,H,B,,
518,225,NOPA,4,,,H,S,16,0.25
524,228,NOPA,3,,,H,T,8,0.38